{"cameraMode":{"drawMode":0,"name":"Shaded","section":"Shading Mode"},"sceneLighting":false,"audioPlay":false,"sceneViewState":{"m_AlwaysRefresh":false,"showFog":true,"showSkybox":false,"showFlares":true,"showImageEffects":true,"showParticleSystems":true,"showVisualEffectGraphs":true,"m_FxEnabled":true},"in2DMode":false,"pivot":{"x":0.42218780517578127,"y":2.08774733543396,"z":-1.8362470865249634},"rotation":{"x":0.08300024271011353,"y":0.7245042324066162,"z":-0.09005405008792877,"w":0.6791172027587891},"size":2.5833611488342287,"orthographic":false}