{"cameraMode":{"drawMode":0,"name":"Shaded","section":"Shading Mode"},"sceneLighting":false,"audioPlay":false,"sceneViewState":{"m_AlwaysRefresh":false,"showFog":true,"showSkybox":false,"showFlares":true,"showImageEffects":true,"showParticleSystems":true,"showVisualEffectGraphs":true,"m_FxEnabled":true},"in2DMode":false,"pivot":{"x":0.000001430511474609375,"y":0.0002949535846710205,"z":0.10246217250823975},"rotation":{"x":0.01966853253543377,"y":0.7758312225341797,"z":-0.6302159428596497,"w":0.02423318475484848},"size":1.9568406343460084,"orthographic":false}