{"cameraMode":{"drawMode":0,"name":"Shaded","section":"Shading Mode"},"sceneLighting":false,"audioPlay":false,"sceneViewState":{"m_AlwaysRefresh":false,"showFog":true,"showSkybox":false,"showFlares":true,"showImageEffects":true,"showParticleSystems":true,"showVisualEffectGraphs":true,"m_FxEnabled":true},"in2DMode":false,"pivot":{"x":0.16158509254455567,"y":1.2885692119598389,"z":0.13085567951202393},"rotation":{"x":-0.10460304468870163,"y":0.8125026226043701,"z":-0.15326569974422456,"w":-0.5529926419258118},"size":0.7056037187576294,"orthographic":false}