{"cameraMode":{"drawMode":0,"name":"Shaded","section":"Shading Mode"},"sceneLighting":false,"audioPlay":false,"sceneViewState":{"m_AlwaysRefresh":false,"showFog":true,"showSkybox":false,"showFlares":true,"showImageEffects":true,"showParticleSystems":true,"showVisualEffectGraphs":true,"m_FxEnabled":true},"in2DMode":false,"pivot":{"x":4.032397270202637,"y":1.3679800033569337,"z":15.284667015075684},"rotation":{"x":-0.09882018715143204,"y":0.8769163489341736,"z":-0.20458652079105378,"w":-0.42358487844467165},"size":12.903107643127442,"orthographic":false}