{"cameraMode":{"drawMode":0,"name":"Shaded","section":"Shading Mode"},"sceneLighting":true,"audioPlay":false,"sceneViewState":{"m_AlwaysRefresh":false,"showFog":true,"showSkybox":false,"showFlares":true,"showImageEffects":true,"showParticleSystems":true,"showVisualEffectGraphs":true,"m_FxEnabled":true},"in2DMode":false,"pivot":{"x":12.553142547607422,"y":0.7558307647705078,"z":-3.2185916900634767},"rotation":{"x":-0.03329549729824066,"y":0.4469422996044159,"z":0.013924720697104931,"w":0.8945493698120117},"size":2.8406505584716799,"orthographic":false}