{"cameraMode":{"drawMode":0,"name":"Shaded","section":"Shading Mode"},"sceneLighting":false,"audioPlay":false,"sceneViewState":{"m_AlwaysRefresh":false,"showFog":true,"showSkybox":false,"showFlares":true,"showImageEffects":true,"showParticleSystems":true,"showVisualEffectGraphs":true,"m_FxEnabled":true},"in2DMode":false,"pivot":{"x":-0.6022379398345947,"y":1.4345788955688477,"z":-1.5927811861038209},"rotation":{"x":-0.07131298631429672,"y":0.9212126731872559,"z":-0.20243357121944428,"w":-0.32451844215393069},"size":4.501830101013184,"orthographic":false}