{"cameraMode":{"drawMode":0,"name":"Shaded","section":"Shading Mode"},"sceneLighting":false,"audioPlay":false,"sceneViewState":{"m_AlwaysRefresh":false,"showFog":true,"showSkybox":false,"showFlares":true,"showImageEffects":true,"showParticleSystems":true,"showVisualEffectGraphs":true,"m_FxEnabled":true},"in2DMode":false,"pivot":{"x":23.448429107666017,"y":5.363761901855469,"z":0.223052978515625},"rotation":{"x":0.010835269466042519,"y":0.9870229959487915,"z":-0.14130933582782746,"w":0.07566815614700318},"size":12.439477920532227,"orthographic":false}